{"cameraMode":{"drawMode":0,"name":"Shaded","section":"Shading Mode"},"sceneLighting":false,"audioPlay":false,"sceneViewState":{"showFog":true,"showMaterialUpdate":false,"showSkybox":false,"showFlares":true,"showImageEffects":true,"showParticleSystems":true},"in2DMode":false,"pivot":{"x":208.74322509765626,"y":103.06103515625,"z":218.69454956054688},"rotation":{"x":0.09224883466959,"y":-0.01941561885178089,"z":0.0017988869221881033,"w":0.9955468773841858},"size":10.0,"orthographic":false}